{
  "train_losses": [
    2.861368850095948,
    2.3607370995763524,
    2.164886646306337,
    2.0167468599419096,
    1.9267196032538343,
    1.8137499200763987,
    1.7355030783966405,
    1.4989943237447028,
    1.4004177095285102,
    1.3666138929217608,
    1.3209281679409652,
    1.294559789682502,
    1.2760585768898922,
    1.2349306598528107,
    1.1733009401542038,
    1.1754512435464717,
    1.1493819004564143,
    1.1675106282554455,
    1.159208508124992,
    1.1686587049000299,
    1.1807755832351856,
    1.1289958767036894,
    1.131311552738076,
    1.1405160573881064,
    1.1550060056928377
  ],
  "val_losses": [
    2.5628643592198688,
    2.1550462086995443,
    2.2034740527470906,
    2.030704553922017,
    2.015406020482381,
    1.9583288431167603,
    2.0131221771240235,
    1.7279605706532797,
    1.71286940574646,
    1.6677738269170126,
    1.6982072432835897,
    1.6931949138641358,
    1.6763521671295165,
    1.7061561743418376,
    1.7053479194641112,
    1.7065497954686484,
    1.7305872599283854,
    1.7284537076950073,
    1.7014387448628743,
    1.70243186155955,
    1.7155545234680176,
    1.7047943353652955,
    1.7175374587376913,
    1.7166778882344564,
    1.7095776160558065
  ],
  "train_accuracies": [
    20.457730032695004,
    28.000934142923867,
    32.508173750583836,
    37.78608127043437,
    38.55674918262494,
    42.76039234002803,
    44.06819243344232,
    51.821578701541334,
    55.41802895843064,
    55.0443717888837,
    56.515646893974775,
    57.473143390938816,
    58.31387202241943,
    60.15880429705745,
    61.466604390471744,
    61.39654367118169,
    62.42410088743578,
    62.44745446053246,
    60.742643624474546,
    61.18636151331154,
    61.18636151331154,
    63.404950957496496,
    62.16721158337226,
    62.05044371788884,
    61.30312937879496
  ],
  "val_accuracies": [
    26.89075630252101,
    35.08403361344538,
    33.403361344537814,
    39.91596638655462,
    38.445378151260506,
    41.38655462184874,
    38.865546218487395,
    48.319327731092436,
    48.94957983193277,
    49.15966386554622,
    48.529411764705884,
    50.0,
    51.05042016806723,
    50.84033613445378,
    51.470588235294116,
    51.05042016806723,
    50.42016806722689,
    51.680672268907564,
    52.10084033613445,
    52.3109243697479,
    52.3109243697479,
    52.3109243697479,
    51.680672268907564,
    52.3109243697479,
    51.890756302521005
  ],
  "test_accuracy": 51.76470588235294,
  "class_names": [
    "Alambadi",
    "Amritmahal",
    "Ayrshire",
    "Banni",
    "Bargur",
    "Bhadawari",
    "Brown_Swiss",
    "Dangi",
    "Deoni",
    "Gir",
    "Guernsey",
    "Hallikar",
    "Hariana",
    "Holstein_Friesian",
    "Jaffrabadi",
    "Jersey",
    "Kangayam",
    "Kankrej",
    "Kasargod",
    "Kenkatha",
    "Kherigarh",
    "Khillari",
    "Krishna_Valley",
    "Malnad_gidda",
    "Mehsana",
    "Murrah",
    "Nagori",
    "Nagpuri",
    "Nili_Ravi",
    "Nimari",
    "Ongole",
    "Pulikulam",
    "Rathi",
    "Red_Dane",
    "Red_Sindhi",
    "Sahiwal",
    "Surti",
    "Tharparkar",
    "Toda",
    "Umblachery",
    "Vechur"
  ],
  "num_breeds": 41
}